,Cyclone_Inlet_Gas_Temp,Cyclone_Material_Temp,Cyclone_Outlet_Gas_draft,Cyclone_cone_draft,Cyclone_Gas_Outlet_Temp,Cyclone_Inlet_Draft
count,376655.0,376655.0,376655.0,376655.0,376655.0,376655.0
mean,727.268454672102,750.7321613677941,-177.78629211343414,-164.54432880222856,715.6796746114485,-141.27547256718586
std,328.730239979368,350.99599395578656,99.16741527878052,90.12018781860526,325.4094254156915,77.6298727264316
min,0.0,-185.0,-456.66,-459.31,13.79,-396.37
25%,856.24,867.59,-247.18,-226.76,801.7,-193.5
50%,882.38,913.34,-215.23,-198.54,871.51,-169.44
75%,901.11,943.65,-170.05,-143.495,899.29,-136.22
max,1157.63,1375.0,40.27,488.86,1375.0,41.64
